timestamp_ms,balance,equity
1704153600000,100000.0,100000.0
1706288400000,99993.77,99968.8
1706288400000,99993.77,99970.96
1706288400000,99993.77,99967.7
1706288400000,99993.77,99968.78
1706288400000,99993.77,99925.33
1706288400000,99993.77,99938.35
1706288400000,99993.77,99936.19
1706288400000,99993.77,99934.01
1706288400000,99993.77,99991.6
1706288400000,99993.77,99968.8
1706288400000,99993.77,99968.79
1706288400000,99993.77,99979.65
1706288400000,99993.77,99936.21
1706288400000,99993.77,99965.52
1706288400000,99993.77,99965.53
1706288400000,99993.77,99904.71
1706288400000,99993.77,99919.88
1706288400000,99993.77,99920.97
1706288400000,99993.77,99925.32
1706288400000,99993.77,99869.92
1706288400000,99993.77,99872.05
1706288400000,99993.77,99870.97
1706288400000,99993.77,99862.28
1706288400000,99993.77,99903.56
1706288400000,99993.77,99903.61
1706288400000,99993.77,99903.59
1706288400000,99993.77,99881.87
1706288400000,99993.77,99881.85
1706288400000,99993.77,99892.72
1706288400000,99993.77,99881.85
1706288400000,99993.77,99928.58
1706288400000,99993.77,99925.34
1706288400000,99993.77,99936.2
1706288400000,99993.77,99906.87
1706288400000,99993.77,99911.24
1706288400000,99993.77,99911.22
1706288400000,99993.77,99900.37
1706288400000,99993.77,99944.9
1706288400000,99993.77,99940.58
1706288400000,99993.77,99968.8
1706288400000,99993.77,99936.23
1706288400000,99993.77,99937.33
1706288400000,99993.77,99938.41
1706288400000,99993.77,99947.09
1706288400000,99993.77,99925.38
1706288400000,99993.77,99930.79
1706288400000,99993.77,99930.8
1706288400000,99993.77,99925.37
1706288400000,99993.77,99957.94
1706288400000,99993.77,99936.24
1706288400000,99993.77,99936.23
1706288400000,99993.77,99890.64
1706288400000,99993.77,99903.62
1706288400000,99993.77,99900.36
1706288400000,99993.77,99878.64
1706288400000,99993.77,99916.64
1706288400000,99993.77,99903.63
1706288400000,99993.77,99907.97
1706288400000,99993.77,99917.75
1706288400000,99993.77,99891.68
1706288400000,99993.77,99905.81
1706288400000,99993.77,99899.29
1706288400000,99993.77,99874.31
1706288400000,99993.77,99926.43
1706288400000,99993.77,99912.34
1706288400000,99993.77,99927.54
1706288400000,99993.77,99885.2
1706288400000,99993.77,99905.8
1706288400000,99993.77,99906.9
1706288400000,99993.77,99916.67
1706288400000,99993.77,99874.32
1706288400000,99993.77,99882.97
1706288400000,99993.77,99880.8
1706288400000,99993.77,99874.28
1706288400000,99993.77,99903.6
1706288400000,99993.77,99888.42
1706288400000,99993.77,99886.24
1706288400000,99993.77,99877.56
1706288400000,99993.77,99899.27
1706288400000,99993.77,99899.28
1706288400000,99993.77,99896.03
1706288400000,99993.77,99945.98
1706288400000,99993.77,99942.74
1706288400000,99993.77,99961.2
1706288400000,99993.77,99927.56
1706288400000,99993.77,99932.97
1706288400000,99993.77,99947.09
1706288400000,99993.77,99864.58
1706288400000,99993.77,99877.55
1706288400000,99993.77,99867.78
1706288400000,99993.77,99878.64
1706288400000,99993.77,99852.57
1706288400000,99993.77,99861.21
1706288400000,99993.77,99869.9
1706288400000,99993.77,99849.26
1706288400000,99993.77,99876.43
1706288400000,99993.77,99869.87
1706288400000,99993.77,99863.36
1706288400000,99993.77,99870.97
1706288400000,99993.77,99826.4
1706288400000,99993.77,99843.81
1706288400000,99993.77,99851.42
1706288400000,99993.77,99862.28
1706288400000,99993.77,99826.41
1706288400000,99993.77,99842.75
1706288400000,99993.77,99842.74
1706288400000,99993.77,99824.26
1706288400000,99993.77,99866.65
1706288400000,99993.77,99852.48
1706288400000,99993.77,99850.33
1706288400000,99993.77,99829.68
1706288400000,99993.77,99860.11
1706288400000,99993.77,99856.82
1706288400000,99993.77,99856.84
1706288400000,99993.77,99862.27
1706288400000,99993.77,99838.35
1706288400000,99993.77,99849.26
1706288400000,99993.77,99848.17
1706288400000,99993.77,99838.39
1706288400000,99993.77,99864.46
1706288400000,99993.77,99859.05
1706288400000,99993.77,99863.38
1706288400000,99993.77,99867.74
1706288400000,99993.77,99844.92
1706288400000,99993.77,99862.28
1706288400000,99993.77,99872.07
1706288400000,99993.77,99867.73
1706288400000,99993.77,99885.11
1706288400000,99993.77,99872.09
1706288400000,99993.77,99870.99
1706288400000,99993.77,99885.12
1706288400000,99993.77,99860.14
1706288400000,99993.77,99860.11
1706288400000,99993.77,99837.29
1706288400000,99993.77,99842.7
1706288400000,99993.77,99839.45
1706288400000,99993.77,99842.71
1706288400000,99993.77,99815.54
1706288400000,99993.77,99834.01
1706288400000,99993.77,99835.1
1706288400000,99993.77,99811.16
1706288400000,99993.77,99831.85
1706288400000,99993.77,99830.76
1706288400000,99993.77,99866.62
1706288400000,99993.77,99834.06
1706288400000,99993.77,99838.38
1706288400000,99993.77,99829.68
1706288400000,99993.77,99862.28
1706288400000,99993.77,99839.51
1706288400000,99993.77,99839.47
1706288400000,99993.77,99832.95
1706288400000,99993.77,99877.51
1706288400000,99993.77,99874.21
1706288400000,99993.77,99872.04
1706288400000,99993.77,99914.43
1706288400000,99993.77,99895.97
1706288400000,99993.77,99895.96
1706288400000,99993.77,99913.35
1706288400000,99993.77,99856.84
1706288400000,99993.77,99860.13
1706288400000,99993.77,99861.21
1706288400000,99993.77,99842.74
1706288400000,99993.77,99882.92
1706288400000,99993.77,99876.43
1706288400000,99993.77,99877.52
1706288400000,99993.77,99874.26
1706288400000,99993.77,99905.77
1706288400000,99993.77,99878.63
1706288400000,99993.77,99876.44
1706288400000,99993.77,99930.77
1706288400000,99993.77,99891.64
1706288400000,99993.77,99889.46
1706288400000,99993.77,99899.24
1706288400000,99993.77,99880.78
1706288400000,99993.77,99884.02
1706288400000,99993.77,99884.03
1706288400000,99993.77,99850.34
1706288400000,99993.77,99869.87
1706288400000,99993.77,99861.18
1706288400000,99993.77,99922.04
1706288400000,99993.77,99915.56
1706288400000,99993.77,99904.69
1706288400000,99993.77,99923.16
1706288400000,99993.77,99880.81
1706288400000,99993.77,99881.86
1706288400000,99993.77,99877.51
1706288400000,99993.77,99865.56
1706288400000,99993.77,99894.9
1706288400000,99993.77,99892.7
1706288400000,99993.77,99888.37
1706288400000,99993.77,99898.15
1706288400000,99993.77,99872.08
1706288400000,99993.77,99875.31
1706292000000,99993.77,99868.8
1706292000000,99993.77,99919.87
1706292000000,99993.77,99905.77
1706292000000,99993.77,99903.59
1706292000000,99993.77,99934.01
1706292000000,99993.77,99890.55
1706292000000,99993.77,99892.75
1706292000000,99993.77,99890.57
1706292000000,99993.77,99875.36
1706292000000,99993.77,99916.64
1706292000000,99993.77,99903.63
1706292000000,99993.77,99901.45
1706292000000,99993.77,99929.69
1706292000000,99993.77,99887.35
1706292000000,99993.77,99888.4
1706292000000,99993.77,99889.49
1706292000000,99993.77,99903.61
1706292000000,99993.77,99878.64
1706292000000,99993.77,99882.95
1706292000000,99993.77,99879.7
1706292000000,99993.77,99878.61
1706292000000,99993.77,99907.94
1706292000000,99993.77,99901.44
1706292000000,99993.77,99900.35
1706292000000,99993.77,99894.92
1706292000000,99993.77,99923.18
1706292000000,99993.77,99902.52
1706292000000,99993.77,99903.61
1706292000000,99993.77,99907.95
1706292000000,99993.77,99882.97
1706292000000,99993.77,99901.41
1706292000000,99993.77,99899.25
1706292000000,99993.77,99904.68
1706292000000,99993.77,99880.78
1706292000000,99993.77,99890.54
1706292000000,99993.77,99897.06
1706292000000,99993.77,99895.97
1706292000000,99993.77,99914.45
1706292000000,99993.77,99901.4
1706292000000,99993.77,99900.31
1706292000000,99993.77,99884.02
1706292000000,99993.77,99931.82
1706292000000,99993.77,99913.37
1706292000000,99993.77,99914.45
1706292000000,99993.77,99910.11
1706292000000,99993.77,99949.22
1706292000000,99993.77,99949.24
1706292000000,99993.77,99951.41
1706292000000,99993.77,99947.07
1706292000000,99993.77,99964.44
1706292000000,99993.77,99957.93
1706292000000,99993.77,99960.1
1706292000000,99993.77,99929.69
1706292000000,99993.77,99948.15
1706292000000,99993.77,99937.29
1706292000000,99993.77,99950.33
1706292000000,99993.77,99926.43
1706292000000,99993.77,99936.21
1706292000000,99993.77,99931.86
1706292000000,99993.77,99969.87
1706292000000,99993.77,99967.7
1706292000000,99993.77,99960.1
1706292000000,99993.77,99990.51
1706292000000,99993.77,99989.43
1706292000000,99993.77,99990.51
1706292000000,99993.77,99980.74
1706292000000,99993.77,100003.55
1706292000000,99993.77,99995.94
1706292000000,99993.77,99989.43
1706292000000,99993.77,100020.92
1706292000000,99993.77,100002.46
1706292000000,99993.77,100003.54
1706292000000,99993.77,100006.8
1706292000000,99993.77,99969.88
1706292000000,99993.77,99981.82
1706292000000,99993.77,99980.74
1706292000000,99993.77,99992.68
1706292000000,99993.77,99963.36
1706292000000,99993.77,99969.87
1706292000000,99993.77,99968.79
1706292000000,99993.77,99978.56
1706292000000,99993.77,99944.89
1706292000000,99993.77,99951.4
1706292000000,99993.77,99950.31
1706292000000,99993.77,99994.86
1706292000000,99993.77,99995.94
1706292000000,99993.77,99994.86
1706292000000,99993.77,100011.15
1706292000000,99993.77,100005.72
1706292000000,99993.77,100010.06
1706292000000,99993.77,100011.15
1706292000000,99993.77,99988.34
1706292000000,99993.77,99994.86
1706292000000,99993.77,99992.68
1706292000000,99993.77,99994.86
1706292000000,99993.77,99983.99
1706292000000,99993.77,99987.25
1706292000000,99993.77,99988.34
1706292000000,99993.77,100051.34
1706292000000,99993.77,100048.05
1706292000000,99993.77,100041.54
1706292000000,99993.77,100036.12
1706292000000,99993.77,100062.17
1706292000000,99993.77,100050.24
1706292000000,99993.77,100051.33
1706292000000,99993.77,100076.3
1706292000000,99993.77,100057.85
1706292000000,99993.77,100061.11
1706292000000,99993.77,100062.2
1706292000000,99993.77,100022.01
1706292000000,99993.77,100037.21
1706292000000,99993.77,100038.3
1706292000000,99993.77,100040.47
1706292000000,99993.77,100026.35
1706292000000,99993.77,100027.44
1706292000000,99993.77,100015.49
1706292000000,99993.77,100053.51
1706292000000,99993.77,100044.82
1706292000000,99993.77,100042.65
1706292000000,99993.77,100028.53
1706292000000,99993.77,100052.43
1706292000000,99993.77,100050.24
1706292000000,99993.77,100051.33
1706292000000,99993.77,100054.59
1706292000000,99993.77,100041.56
1706292000000,99993.77,100049.16
1706292000000,99993.77,100046.99
1706292000000,99993.77,100071.97
1706292000000,99993.77,100062.21
1706292000000,99993.77,100063.29
1706292000000,99993.77,100068.72
1706292000000,99993.77,100053.51
1706292000000,99993.77,100058.93
1706292000000,99993.77,100066.54
1706292000000,99993.77,100043.73
1706292000000,99993.77,100052.41
1706292000000,99993.77,100060.02
1706292000000,99993.77,100035.04
1706292000000,99993.77,100038.3
1706292000000,99993.77,100026.35
1706292000000,99993.77,100044.82
1706292000000,99993.77,100039.39
1706292000000,99993.77,100040.47
1706292000000,99993.77,100049.16
1706292000000,99993.77,100024.18
1706292000000,99993.77,100033.95
1706292000000,99993.77,100039.38
1706292000000,99993.77,99999.2
1706292000000,99993.77,100005.71
1706292000000,99993.77,99992.68
1706292000000,99993.77,100012.23
1706292000000,99993.77,100008.97
1706292000000,99993.77,100007.89
1706292000000,99993.77,100001.37
1706292000000,99993.77,100022.0
1706292000000,99993.77,100014.4
1706292000000,99993.77,100017.66
1706292000000,99993.77,99990.51
1706292000000,99993.77,99994.86
1706292000000,99993.77,99993.77
1706292000000,99993.77,99987.25
1706292000000,99993.77,100017.66
1706292000000,99993.77,99998.11
1706292000000,99993.77,99995.94
1706292000000,99993.77,100012.23
1706292000000,99993.77,100002.46
1706292000000,99993.77,100004.63
1706292000000,99993.77,100006.8
1706292000000,99993.77,99980.74
1706292000000,99993.77,99991.6
1706292000000,99993.77,99989.43
1706292000000,99993.77,100014.41
1706292000000,99993.77,100013.32
1706292000000,99993.77,100012.23
1706292000000,99993.77,100013.32
1706292000000,99993.77,99980.74
1706292000000,99993.77,99988.34
1706292000000,99993.77,99983.99
1706292000000,99993.77,99973.13
1706292000000,99993.77,100002.46
1706292000000,99993.77,99991.6
1706292000000,99993.77,100002.46
1706292000000,99993.77,99985.08
1706292000000,99993.77,99990.51
1706292000000,99993.77,99989.43
1706292000000,99993.77,99981.82
1706292000000,99993.77,99992.68
1706292000000,99993.77,99990.51
1706292000000,99993.77,99989.42
1706292000000,99993.77,99999.2
1706292000000,99993.77,99978.56
1706292000000,99993.77,99979.65
1706292000000,99993.77,99972.04
1706292000000,99993.77,99989.42
1706292000000,99993.77,99983.99
1706292000000,99993.77,99978.56
1706292000000,99993.77,99993.77
1706292000000,99993.77,99985.08
1706292000000,99993.77,99980.74
1706292000000,99993.77,99998.11
1706292000000,99993.77,99987.25
1706292000000,99993.77,99990.51
1706292000000,99993.77,99999.2
1706292000000,99993.77,99978.56
1706292000000,99993.77,99985.08
1706292000000,99993.77,99976.39
1706292000000,99993.77,100001.38
1706292000000,99993.77,99998.11
1706292000000,99993.77,99999.2
1706292000000,99993.77,99990.51
1706292000000,99993.77,100007.89
1706292000000,99993.77,100001.37
1706292000000,99993.77,100002.46
1706292000000,99993.77,99960.1
1706292000000,99993.77,99976.39
1706295600000,99993.77,99977.48
1706295600000,99993.77,99975.3
1706295600000,99993.77,99990.51
1706295600000,99993.77,99981.82
1706295600000,99993.77,99982.91
1706295600000,99993.77,99992.68
1706295600000,99993.77,99945.97
1706295600000,99993.77,99973.14
1706295600000,99993.77,99972.05
1706295600000,99993.77,99976.39
1706295600000,99993.77,99954.67
1706295600000,99993.77,99961.18
1706295600000,99993.77,99962.27
1706295600000,99993.77,99961.18
1706295600000,99993.77,99975.3
1706295600000,99993.77,99968.79
1706295600000,99993.77,99967.7
1706295600000,99993.77,99963.36
1706295600000,99993.77,99981.82
1706295600000,99993.77,99977.48
1706295600000,99993.77,99970.96
1706295600000,99993.77,99993.77
1706295600000,99993.77,99991.6
1706295600000,99993.77,99993.77
1706295600000,99993.77,99990.51
1706295600000,99993.77,100007.89
1706295600000,99993.77,100004.63
1706295600000,99993.77,100013.32
1706295600000,99993.77,99991.6
1706295600000,99993.77,99998.11
1706295600000,99993.77,99995.94
1706295600000,99993.77,99984.0
1706295600000,99993.77,100026.35
1706295600000,99993.77,100025.26
1706295600000,99993.77,100037.2
1706295600000,99993.77,100013.32
1706295600000,99993.77,100023.09
1706295600000,99993.77,100020.92
1706295600000,99993.77,100011.14
1706295600000,99993.77,100040.45
1706295600000,99993.77,100023.09
1706295600000,99993.77,100020.92
1706295600000,99993.77,100019.83
1706295600000,99993.77,100036.12
1706295600000,99993.77,100030.69
1706295600000,99993.77,100023.09
1706295600000,99993.77,100055.67
1706295600000,99993.77,100046.99
1706295600000,99993.77,100046.98
1706295600000,99993.77,100048.07
1706295600000,99993.77,100004.63
1706295600000,99993.77,100015.5
1706295600000,99993.77,100010.06
1706295600000,99993.77,100028.53
1706295600000,99993.77,100015.5
1706295600000,99993.77,100041.57
1706295600000,99993.77,100037.22
1706295600000,99993.77,100036.13
1706295600000,99993.77,100051.34
1706295600000,99993.77,100028.53
1706295600000,99993.77,100027.45
1706295600000,99993.77,100042.65
1706295600000,99993.77,100035.05
1706295600000,99993.77,100037.22
1706295600000,99993.77,100042.66
1706295600000,99993.77,100029.62
1706295600000,99993.77,100033.96
1706295600000,99993.77,100030.7
1706295600000,99993.77,100028.53
1706295600000,99993.77,100048.09
1706295600000,99993.77,100048.08
1706295600000,99993.77,100056.77
1706295600000,99993.77,100042.65
1706295600000,99993.77,100044.83
1706295600000,99993.77,100041.57
1706295600000,99993.77,100025.27
1706295600000,99993.77,100032.88
1706295600000,99993.77,100040.49
1706295600000,99993.77,100015.5
1706295600000,99993.77,100026.36
1706295600000,99993.77,100023.1
1706295600000,99993.77,100019.85
1706295600000,99993.77,100053.53
1706295600000,99993.77,100049.17
1706295600000,99993.77,100076.33
1706295600000,99993.77,100073.04
1706295600000,99993.77,100074.13
1706295600000,99993.77,100082.82
1706295600000,99993.77,100060.01
1706295600000,99993.77,100062.18
1706295600000,99993.77,100063.27
1706295600000,99993.77,100061.1
1706295600000,99993.77,100087.16
1706295600000,99993.77,100081.72
1706295600000,99993.77,100082.81
1706295600000,99993.77,100091.5
1706295600000,99993.77,100071.96
1706295600000,99993.77,100071.94
1706295600000,99993.77,100075.2
1706295600000,99993.77,100066.51
1706295600000,99993.77,100083.88
1706295600000,99993.77,100078.45
1706295600000,99993.77,100077.37
1706295600000,99993.77,100078.45
1706295600000,99993.77,100039.37
1706295600000,99993.77,100043.72
1706295600000,99993.77,100042.64
1706295600000,99993.77,100063.27
1706295600000,99993.77,100035.03
1706295600000,99993.77,100035.02
1706295600000,99993.77,100040.46
1706295600000,99993.77,100017.65
1706295600000,99993.77,100022.0
1706295600000,99993.77,100020.91
1706295600000,99993.77,100030.69
1706295600000,99993.77,100014.4
1706295600000,99993.77,100016.57
1706295600000,99993.77,100025.26
1706295600000,99993.77,99998.11
1706295600000,99993.77,99999.2
1706295600000,99993.77,100001.37
1706295600000,99993.77,100003.54
1706295600000,99993.77,99986.17
1706295600000,99993.77,99995.94
1706295600000,99993.77,99999.2
1706295600000,99993.77,99994.86
1706295600000,99993.77,100013.32
1706295600000,99993.77,100004.63
1706295600000,99993.77,100003.54
1706295600000,99993.77,100023.09
1706295600000,99993.77,100019.83
1706295600000,99993.77,100018.74
1706295600000,99993.77,100012.23
1706295600000,99993.77,100029.6
1706295600000,99993.77,100020.92
1706295600000,99993.77,100019.83
1706295600000,99993.77,100018.74
1706295600000,99993.77,100041.54
1706295600000,99993.77,100020.91
1706295600000,99993.77,100019.82
1706295600000,99993.77,100025.25
1706295600000,99993.77,100013.31
1706295600000,99993.77,100016.57
1706295600000,99993.77,100023.08
1706295600000,99993.77,100001.37
1706295600000,99993.77,100012.22
1706295600000,99993.77,100011.14
1706295600000,99993.77,100025.25
1706295600000,99993.77,100013.31
1706295600000,99993.77,100011.14
1706295600000,99993.77,100019.83
1706295600000,99993.77,100003.54
1706295600000,99993.77,100011.14
1706295600000,99993.77,100015.48
1706295600000,99993.77,100011.14
1706295600000,99993.77,100040.45
1706295600000,99993.77,100018.73
1706295600000,99993.77,100017.65
1706295600000,99993.77,100020.91
1706295600000,99993.77,100008.97
1706295600000,99993.77,100017.65
1706295600000,99993.77,100020.91
1706295600000,99993.77,100031.77
1706295600000,99993.77,100005.71
1706295600000,99993.77,100020.91
1706295600000,99993.77,100014.4
1706295600000,99993.77,100007.88
1706295600000,99993.77,100030.68
1706295600000,99993.77,100028.51
1706295600000,99993.77,100020.91
1706295600000,99993.77,100042.62
1706295600000,99993.77,100030.68
1706295600000,99993.77,100026.34
1706295600000,99993.77,100040.45
1706295600000,99993.77,100039.36
1706295600000,99993.77,100040.45
1706295600000,99993.77,100038.28
1706295600000,99993.77,100064.33
1706295600000,99993.77,100062.14
1706295600000,99993.77,100064.31
1706295600000,99993.77,100078.41
1706295600000,99993.77,100043.69
1706295600000,99993.77,100062.15
1706295600000,99993.77,100062.14
1706295600000,99993.77,100097.96
1706295600000,99993.77,100097.94
1706295600000,99993.77,100071.9
1706295600000,99993.77,100074.08
1706295600000,99993.77,100078.42
1706295600000,99993.77,100070.82
1706295600000,99993.77,100072.99
1706295600000,99993.77,100071.91
1706295600000,99993.77,100066.48
1706295600000,99993.77,100090.36
1706295600000,99993.77,100087.12
1706295600000,99993.77,100087.11
1706295600000,99993.77,100091.45
1706295600000,99993.77,100064.31
1706295600000,99993.77,100067.58
1706295600000,99993.77,100074.09
1706295600000,99993.77,100059.98
1706295600000,99993.77,100066.5
1706295600000,99993.77,100057.82
1706295600000,99993.77,100044.79
1706295600000,99993.77,100073.02
1706295600000,99993.77,100073.01
1706295600000,99993.77,100077.35
1706295600000,99993.77,100087.11
1706295600000,99993.77,100061.06
1706295600000,99993.77,100068.67
1706295600000,99993.77,100067.59
1706295600000,99993.77,100058.9
1706295600000,99993.77,100092.56
1706295600000,99993.77,100092.55
1706299200000,99993.77,100091.46
1706299200000,99993.77,100088.21
1706299200000,99993.77,100107.75
1706299200000,99993.77,100099.05
1706299200000,99993.77,100094.71
1706299200000,99993.77,100088.2
1706299200000,99993.77,100108.83
1706299200000,99993.77,100102.29
1706299200000,99993.77,100101.21
1706299200000,99993.77,100097.96
1706299200000,99993.77,100114.23
1706299200000,99993.77,100102.32
1706299200000,99993.77,100104.49
1706299200000,99993.77,100095.8
1706299200000,99993.77,100120.77
1706299200000,99993.77,100118.59
1706299200000,99993.77,100117.5
1706299200000,99993.77,100135.94
1706299200000,99993.77,100124.02
1706299200000,99993.77,100128.37
1706299200000,99993.77,100120.76
1706299200000,99993.77,100142.47
1706299200000,99993.77,100138.12
1706299200000,99993.77,100142.46
1706299200000,99993.77,100131.6
1706299200000,99993.77,100135.96
1706299200000,99993.77,100134.86
1706299200000,99993.77,100142.46
1706299200000,99993.77,100120.76
1706299200000,99993.77,100131.59
1706299200000,99993.77,100131.6
1706299200000,99993.77,100112.06
1706299200000,99993.77,100112.09
1706299200000,99993.77,100112.08
1706299200000,99993.77,100121.85
1706299200000,99993.77,100102.31
1706299200000,99993.77,100104.5
1706299200000,99993.77,100103.41
1706299200000,99993.77,100093.63
1706299200000,99993.77,100116.42
1706299200000,99993.77,100109.93
1706299200000,99993.77,100109.92
1706299200000,99993.77,100097.98
1706299200000,99993.77,100100.15
1706299200000,99993.77,100099.06
1706299200000,99993.77,100120.75
1706299200000,99993.77,100116.43
1706299200000,99993.77,100120.77
1706299200000,99993.77,100109.91
1706299200000,99993.77,100115.35
1706299200000,99993.77,100114.26
1706299200000,99993.77,100131.63
1706299200000,99993.77,100121.84
1706299200000,99993.77,100120.76
1706299200000,99993.77,100133.78
1706299200000,99993.77,100115.31
1706299200000,99993.77,100120.76
1706299200000,99993.77,100084.94
1706299200000,99993.77,100099.07
1706299200000,99993.77,100088.21
1706299200000,99993.77,100109.92
1706299200000,99993.77,100101.22
1706299200000,99993.77,100100.13
1706299200000,99993.77,100099.05
1706299200000,99993.77,100116.41
1706299200000,99993.77,100116.4
1706299200000,99993.77,100120.74
1706299200000,99993.77,100107.72
1706299200000,99993.77,100114.21
1706299200000,99993.77,100113.14
1706299200000,99993.77,100121.82
1706299200000,99993.77,100104.45
1706299200000,99993.77,100105.55
1706299200000,99993.77,100104.46
1706299200000,99993.77,100109.89
1706299200000,99993.77,100089.27
1706299200000,99993.77,100094.71
1706299200000,99993.77,100092.53
1706299200000,99993.77,100118.58
1706299200000,99993.77,100117.51
1706299200000,99993.77,100116.41
1706299200000,99993.77,100118.58
1706299200000,99993.77,100106.64
1706299200000,99993.77,100108.82
1706299200000,99993.77,100109.9
1706299200000,99993.77,100116.41
1706299200000,99993.77,100105.56
1706299200000,99993.77,100106.64
1706299200000,99993.77,100109.9
1706299200000,99993.77,100115.33
1706299200000,99993.77,100097.96
1706299200000,99993.77,100106.67
1706299200000,99993.77,100105.58
1706299200000,99993.77,100109.92
1706299200000,99993.77,100086.04
1706299200000,99993.77,100087.14
1706299200000,99993.77,100086.05
1706299200000,99993.77,100088.22
1706299200000,99993.77,100075.2
1706299200000,99993.77,100083.88
1706299200000,99993.77,100079.54
1706299200000,99993.77,100099.08
1706299200000,99993.77,100077.36
1706299200000,99993.77,100077.37
1706299200000,99993.77,100069.77
1706299200000,99993.77,100088.22
1706299200000,99993.77,100067.59
1706299200000,99993.77,100067.58
1706299200000,99993.77,100077.36
1706299200000,99993.77,100055.65
1706299200000,99993.77,100077.36
1706299200000,99993.77,100077.35
1706299200000,99993.77,100112.09
1706299200000,99993.77,100109.89
1706299200000,99993.77,100109.9
1706299200000,99993.77,100110.98
1706299200000,99993.77,100092.53
1706299200000,99993.77,100109.91
1706299200000,99993.77,100099.05
1706299200000,99993.77,100120.76
1706299200000,99993.77,100096.88
1706299200000,99993.77,100099.04
1706299200000,99993.77,100109.89
1706299200000,99993.77,100088.19
1706299200000,99993.77,100088.2
1706299200000,99993.77,100081.69
1706299200000,99993.77,100131.62
1706299200000,99993.77,100120.73
1706299200000,99993.77,100131.58
1706299200000,99993.77,100109.88
1706299200000,99993.77,100120.75
1706299200000,99993.77,100120.74
1706299200000,99993.77,100116.4
1706299200000,99993.77,100142.45
1706299200000,99993.77,100131.57
1706299200000,99993.77,100120.73
1706299200000,99993.77,100142.43
1706299200000,99993.77,100110.97
1706299200000,99993.77,100120.72
1706299200000,99993.77,100131.58
1706299200000,99993.77,100109.87
1706299200000,99993.77,100120.73
1706299200000,99993.77,100164.13
1706299200000,99993.77,100142.37
1706299200000,99993.77,100142.38
1706299200000,99993.77,100164.08
1706299200000,99993.77,100135.87
1706299200000,99993.77,100142.37
1706299200000,99993.77,100164.06
1706299200000,99993.77,100153.2
1706299200000,99993.77,100153.21
1706299200000,99993.77,100131.52
1706299200000,99993.77,100164.05
1706299200000,99993.77,100164.08
1706299200000,99993.77,100164.07
1706299200000,99993.77,100164.06
1706299200000,99993.77,100174.91
1706299200000,99993.77,100174.89
1706299200000,99993.77,100174.9
1706299200000,99993.77,100164.06
1706299200000,99993.77,100164.05
1706299200000,99993.77,100185.75
1706299200000,99993.77,100164.03
1706299200000,99993.77,100142.34
1706299200000,99993.77,100142.37
1706299200000,99993.77,100142.35
1706299200000,99993.77,100131.51
1706299200000,99993.77,100153.19
1706299200000,99993.77,100153.21
1706299200000,99993.77,100153.2
1706299200000,99993.77,100133.68
1706299200000,99993.77,100142.36
1706299200000,99993.77,100153.21
1706299200000,99993.77,100131.51
1706299200000,99993.77,100131.52
1706299200000,99993.77,100153.21
1706299200000,99993.77,100153.18
1706299200000,99993.77,100153.19
1706299200000,99993.77,100133.67
1706299200000,99993.77,100142.33
1706299200000,99993.77,100153.18
1706299200000,99993.77,100131.47
1706299200000,99993.77,100131.49
1706299200000,99993.77,100143.42
1706299200000,99993.77,100120.65
1706299200000,99993.77,100120.63
1706299200000,99993.77,100131.48
1706299200000,99993.77,100122.81
1706299200000,99993.77,100153.17
1706299200000,99993.77,100153.15
1706299200000,99993.77,100153.16
1706299200000,99993.77,100120.63
1706299200000,99993.77,100131.49
1706299200000,99993.77,100111.97
1706299200000,99993.77,100122.84
1706299200000,99993.77,100121.75
1706299200000,99993.77,100131.51
1706299200000,99993.77,100113.06
1706299200000,99993.77,100120.67
1706302800000,99993.77,100101.14
1706302800000,99993.77,100120.66
1706302800000,99993.77,100120.67
1706302800000,99993.77,100102.23
1706302800000,99993.77,100120.68
1706302800000,99993.77,100120.66
1706302800000,99993.77,100093.55
1706302800000,99993.77,100094.64
1706302800000,99993.77,100093.56
1706302800000,99993.77,100090.3
1706302800000,99993.77,100109.83
1706302800000,99993.77,100104.4
1706302800000,99993.77,100104.41
1706302800000,99993.77,100105.49
1706302800000,99993.77,100077.29
1706302800000,99993.77,100088.15
1706302800000,99993.77,100088.14
1706302800000,99993.77,100082.72
1706302800000,99993.77,100114.18
1706302800000,99993.77,100110.93
1706302800000,99993.77,100109.84
1706302800000,99993.77,100097.91
1706302800000,99993.77,100116.35
1706302800000,99993.77,100116.36
1706302800000,99993.77,100120.7
1706302800000,99993.77,100109.85
1706302800000,99993.77,100109.84
1706302800000,99993.77,100109.85
1706302800000,99993.77,100099.0
1706302800000,99993.77,100119.61
1706302800000,99993.77,100110.94
1706302800000,99993.77,100131.55
1706302800000,99993.77,100120.69
1706302800000,99993.77,100121.78
1706302800000,99993.77,100131.54
1706302800000,99993.77,100120.69
1706302800000,99993.77,100120.7
1706302800000,99993.77,100131.55
1706302800000,99993.77,100120.69
1706302800000,99993.77,100131.55
1706302800000,99993.77,100131.54
1706302800000,99993.77,100174.93
1706302800000,99993.77,100166.2
1706302800000,99993.77,100166.21
1706302800000,99993.77,100174.89
1706302800000,99993.77,100153.19
1706302800000,99993.77,100164.06
1706302800000,99993.77,100143.45
1706302800000,99993.77,100153.23
1706302800000,99993.77,100143.46
1706302800000,99993.77,100153.23
1706302800000,99993.77,100128.27
1706302800000,99993.77,100142.4
1706302800000,99993.77,100142.39
1706302800000,99993.77,100107.67
1706302800000,99993.77,100107.69
1706302800000,99993.77,100109.86
1706302800000,99993.77,100101.18
1706302800000,99993.77,100126.14
1706302800000,99993.77,100109.86
1706302800000,99993.77,100120.71
1706302800000,99993.77,100109.86
1706302800000,99993.77,100108.77
1706302800000,99993.77,100120.71
1706302800000,99993.77,100120.7
1706302800000,99993.77,100109.86
1706302800000,99993.77,100120.7
1706302800000,99993.77,100109.85
1706302800000,99993.77,100131.55
1706302800000,99993.77,100122.85
1706302800000,99993.77,100121.78
1706302800000,99993.77,100120.7
1706302800000,99993.77,100153.24
1706302800000,99993.77,100134.78
1706302800000,99993.77,100133.7
1706302800000,99993.77,100131.53
1706302800000,99993.77,100153.23
1706302800000,99993.77,100153.2
1706302800000,99993.77,100142.35
1706302800000,99993.77,100147.79
1706302800000,99993.77,100153.21
1706302800000,99993.77,100142.36
1706302800000,99993.77,100164.06
1706302800000,99993.77,100153.2
1706302800000,99993.77,100164.05
1706302800000,99993.77,100134.77
1706302800000,99993.77,100142.37
1706302800000,99993.77,100134.78
1706302800000,99993.77,100142.37
1706302800000,99993.77,100142.36
1706302800000,99993.77,100126.09
1706302800000,99993.77,100153.2
1706302800000,99993.77,100142.37
1706302800000,99993.77,100142.36
1706302800000,99993.77,100120.66
1706302800000,99993.77,100131.53
1706302800000,99993.77,100120.67
1706302800000,99993.77,100119.59
1706302800000,99993.77,100131.51
1706302800000,99993.77,100120.68
1706302800000,99993.77,100120.67
1706302800000,99993.77,100109.83
1706302800000,99993.77,100131.52
1706302800000,99993.77,100115.25
1706302800000,99993.77,100120.67
1706302800000,99993.77,100131.52
1706302800000,99993.77,100120.67
1706302800000,99993.77,100153.21
1706302800000,99993.77,100153.19
1706302800000,99993.77,100136.92
1706302800000,99993.77,100138.01
1706302800000,99993.77,100142.35
1706302800000,99993.77,100125.01
1706302800000,99993.77,100134.75
1706302800000,99993.77,100155.36
1706302800000,99993.77,100131.49
1706302800000,99993.77,100131.51
1706302800000,99993.77,100133.68
1706302800000,99993.77,100111.98
1706302800000,99993.77,100112.01
1706302800000,99993.77,100115.26
1706302800000,99993.77,100117.43
1706302800000,99993.77,100106.58
1706302800000,99993.77,100109.85
1706302800000,99993.77,100104.42
1706302800000,99993.77,100120.7
1706302800000,99993.77,100120.68
1706302800000,99993.77,100096.82
1706302800000,99993.77,100112.02
1706302800000,99993.77,100110.92
1706302800000,99993.77,100105.5
1706302800000,99993.77,100121.77
1706302800000,99993.77,100112.02
1706302800000,99993.77,100112.01
1706302800000,99993.77,100096.83
1706302800000,99993.77,100119.62
1706302800000,99993.77,100117.43
1706302800000,99993.77,100120.69
1706302800000,99993.77,100127.2
1706302800000,99993.77,100107.66
1706302800000,99993.77,100114.19
1706302800000,99993.77,100112.02
1706302800000,99993.77,100115.27
1706302800000,99993.77,100083.81
1706302800000,99993.77,100102.28
1706302800000,99993.77,100101.19
1706302800000,99993.77,100096.85
1706302800000,99993.77,100105.53
1706302800000,99993.77,100102.27
1706302800000,99993.77,100086.0
1706302800000,99993.77,100094.7
1706302800000,99993.77,100095.78
1706302800000,99993.77,100097.95
1706302800000,99993.77,100081.67
1706302800000,99993.77,100083.85
1706302800000,99993.77,100082.76
1706302800000,99993.77,100088.19
1706302800000,99993.77,100065.4
1706302800000,99993.77,100079.52
1706302800000,99993.77,100078.43
1706302800000,99993.77,100070.83
1706302800000,99993.77,100088.2
1706302800000,99993.77,100088.19
1706302800000,99993.77,100089.27
1706302800000,99993.77,100075.17
1706302800000,99993.77,100087.09
1706302800000,99993.77,100087.1
1706302800000,99993.77,100078.42
1706302800000,99993.77,100100.13
1706302800000,99993.77,100099.03
1706302800000,99993.77,100097.94
1706302800000,99993.77,100102.28
1706302800000,99993.77,100082.75
1706302800000,99993.77,100084.93
1706302800000,99993.77,100086.01
1706302800000,99993.77,100079.5
1706302800000,99993.77,100109.88
1706302800000,99993.77,100100.08
1706302800000,99993.77,100099.01
1706302800000,99993.77,100101.18
1706302800000,99993.77,100084.9
1706302800000,99993.77,100097.93
1706302800000,99993.77,100093.58
1706302800000,99993.77,100081.65
1706302800000,99993.77,100107.7
1706302800000,99993.77,100105.51
1706302800000,99993.77,100112.02
1706302800000,99993.77,100099.01
1706302800000,99993.77,100100.08
1706302800000,99993.77,100099.0
1706302800000,99993.77,100094.66
1706302800000,99993.77,100105.5
1706302800000,99993.77,100101.18
1706302800000,99993.77,100101.17
1706302800000,99993.77,100092.5
1706302800000,99993.77,100113.12
1706302800000,99993.77,100113.11
1706302800000,99993.77,100079.48
1706302800000,99993.77,100089.25
1706306400000,99993.77,100084.9
1706306400000,99993.77,100081.65
1706306400000,99993.77,100093.59
1706306400000,99993.77,100089.24
1706306400000,99993.77,100085.98
1706306400000,99993.77,100081.65
1706306400000,99993.77,100099.01
1706306400000,99993.77,100090.31
1706306400000,99993.77,100091.4
1706306400000,99993.77,100089.23
1706306400000,99993.77,100115.26
1706306400000,99993.77,100106.6
1706306400000,99993.77,100116.36
1706306400000,99993.77,100101.17
1706306400000,99993.77,100101.16
1706306400000,99993.77,100101.17
1706306400000,99993.77,100099.0
1706306400000,99993.77,100120.7
1706306400000,99993.77,100117.43
1706306400000,99993.77,100109.84
1706306400000,99993.77,100126.12
1706306400000,99993.77,100122.84
1706306400000,99993.77,100122.85
1706306400000,99993.77,100105.5
1706306400000,99993.77,100107.68
1706306400000,99993.77,100097.92
1706306400000,99993.77,100109.85
1706306400000,99993.77,100107.68
1706306400000,99993.77,100102.26
1706306400000,99993.77,100122.88
1706306400000,99993.77,100119.6
1706306400000,99993.77,100119.61
1706306400000,99993.77,100128.29
1706306400000,99993.77,100128.28
1706306400000,99993.77,100112.01
1706306400000,99993.77,100114.2
1706306400000,99993.77,100112.03
1706306400000,99993.77,100121.79
1706306400000,99993.77,100121.77
1706306400000,99993.77,100121.78
1706306400000,99993.77,100117.44
1706306400000,99993.77,100126.12
1706306400000,99993.77,100123.95
1706306400000,99993.77,100126.12
1706306400000,99993.77,100110.93
1706306400000,99993.77,100115.29
1706306400000,99993.77,100115.28
1706306400000,99993.77,100153.26
1706306400000,99993.77,100151.07
1706306400000,99993.77,100148.91
1706306400000,99993.77,100146.74
1706306400000,99993.77,100158.67
1706306400000,99993.77,100153.24
1706306400000,99993.77,100164.09
1706306400000,99993.77,100164.08
1706306400000,99993.77,100160.83
1706306400000,99993.77,100165.17
1706306400000,99993.77,100133.72
1706306400000,99993.77,100133.71
1706306400000,99993.77,100151.06
1706306400000,99993.77,100132.62
1706306400000,99993.77,100132.65
1706306400000,99993.77,100144.58
1706306400000,99993.77,100142.41
1706306400000,99993.77,100114.22
1706306400000,99993.77,100120.71
1706306400000,99993.77,100109.86
1706306400000,99993.77,100134.81
1706306400000,99993.77,100132.66
1706306400000,99993.77,100133.73
1706306400000,99993.77,100144.58
1706306400000,99993.77,100122.89
1706306400000,99993.77,100131.54
1706306400000,99993.77,100131.56
1706306400000,99993.77,100130.48
1706306400000,99993.77,100138.07
1706306400000,99993.77,100131.55
1706306400000,99993.77,100131.56
1706306400000,99993.77,100132.64
1706306400000,99993.77,100120.71
1706306400000,99993.77,100120.72
1706306400000,99993.77,100134.83
1706306400000,99993.77,100133.73
1706306400000,99993.77,100133.74
1706306400000,99993.77,100142.42
1706306400000,99993.77,100121.81
1706306400000,99993.77,100132.64
1706306400000,99993.77,100132.65
1706306400000,99993.77,100129.39
1706306400000,99993.77,100150.01
1706306400000,99993.77,100144.55
1706306400000,99993.77,100144.56
1706306400000,99993.77,100142.39
1706306400000,99993.77,100152.16
1706306400000,99993.77,100148.88
1706306400000,99993.77,100153.22
1706306400000,99993.77,100144.54
1706306400000,99993.77,100146.71
1706306400000,99993.77,100148.88
1706306400000,99993.77,100132.62
1706306400000,99993.77,100142.37
1706306400000,99993.77,100139.12
1706306400000,99993.77,100139.13
1706306400000,99993.77,100109.84
1706306400000,99993.77,100109.85
1706306400000,99993.77,100120.7
1706306400000,99993.77,100107.68
1706306400000,99993.77,100108.77
1706306400000,99993.77,100108.76
1706306400000,99993.77,100118.53
1706306400000,99993.77,100105.51
1706306400000,99993.77,100107.67
1706306400000,99993.77,100109.84
1706306400000,99993.77,100114.18
1706306400000,99993.77,100102.25
1706306400000,99993.77,100102.26
1706306400000,99993.77,100103.34
1706306400000,99993.77,100099.0
1706306400000,99993.77,100110.93
1706306400000,99993.77,100109.84
1706306400000,99993.77,100109.85
1706306400000,99993.77,100107.68
1706306400000,99993.77,100116.36
1706306400000,99993.77,100115.26
1706306400000,99993.77,100101.16
1706306400000,99993.77,100110.93
1706306400000,99993.77,100112.01
1706306400000,99993.77,100099.0
1706306400000,99993.77,100109.84
1706306400000,99993.77,100101.16
1706306400000,99993.77,100123.94
1706306400000,99993.77,100116.33
1706306400000,99993.77,100116.34
1706306400000,99993.77,100131.52
1706306400000,99993.77,100110.92
1706306400000,99993.77,100110.89
1706306400000,99993.77,100110.91
1706306400000,99993.77,100101.15
1706306400000,99993.77,100120.67
1706306400000,99993.77,100120.68
1706306400000,99993.77,100120.67
1706306400000,99993.77,100131.52
1706306400000,99993.77,100115.25
1706306400000,99993.77,100120.68
1706306400000,99993.77,100109.83
1706306400000,99993.77,100131.53
1706306400000,99993.77,100126.09
1706306400000,99993.77,100126.1
1706306400000,99993.77,100118.51
1706306400000,99993.77,100153.23
1706306400000,99993.77,100142.37
1706306400000,99993.77,100125.01
1706306400000,99993.77,100127.18
1706306400000,99993.77,100108.74
1706306400000,99993.77,100108.75
1706306400000,99993.77,100110.92
1706306400000,99993.77,100114.17
1706306400000,99993.77,100097.91
1706306400000,99993.77,100102.23
1706306400000,99993.77,100107.66
1706306400000,99993.77,100105.49
1706306400000,99993.77,100117.42
1706306400000,99993.77,100115.24
1706306400000,99993.77,100115.25
1706306400000,99993.77,100101.15
1706306400000,99993.77,100102.23
1706306400000,99993.77,100085.96
1706306400000,99993.77,100085.97
1706306400000,99993.77,100089.22
1706306400000,99993.77,100088.14
1706306400000,99993.77,100101.15
1706306400000,99993.77,100095.72
1706306400000,99993.77,100100.06
1706306400000,99993.77,100098.97
1706306400000,99993.77,100117.41
1706306400000,99993.77,100109.8
1706306400000,99993.77,100109.81
1706306400000,99993.77,100100.05
1706306400000,99993.77,100116.32
1706306400000,99993.77,100113.06
1706306400000,99993.77,100108.72
1706306400000,99993.77,100093.54
1706306400000,99993.77,100103.31
1706306400000,99993.77,100106.56
1706306400000,99993.77,100116.32
1706306400000,99993.77,100100.06
1706306400000,99993.77,100105.47
1706306400000,99993.77,100129.32
1706306400000,99993.77,100129.31
1706306400000,99993.77,100129.32
1706306400000,99993.77,100151.0
1706306400000,99993.77,100126.06
1706306400000,99993.77,100126.04
1706306400000,99993.77,100127.13
1706306400000,99993.77,100128.21
1706306400000,99993.77,100110.87
1706306400000,99993.77,100116.3
1706306400000,99993.77,100118.47
1706306400000,99993.77,100134.73
1706306400000,99993.77,100134.72
1706310000000,99993.77,100134.73
1706310000000,99993.77,100139.07
1706310000000,99993.77,100118.46
1706310000000,99993.77,100122.81
1706310000000,99993.77,100121.73
1706310000000,99993.77,100097.87
1706310000000,99993.77,100097.89
1706310000000,99993.77,100100.05
1706310000000,99993.77,100082.69
1706310000000,99993.77,100082.7
1706310000000,99993.77,100102.23
1706310000000,99993.77,100094.63
1706310000000,99993.77,100096.8
1706310000000,99993.77,100087.04
1706310000000,99993.77,100090.3
1706310000000,99993.77,100095.72
1706310000000,99993.77,100093.55
1706310000000,99993.77,100095.72
1706310000000,99993.77,100095.71
1706310000000,99993.77,100106.56
1706310000000,99993.77,100100.06
1706310000000,99993.77,100105.48
1706310000000,99993.77,100093.55
1706310000000,99993.77,100109.82
1706310000000,99993.77,100106.57
1706310000000,99993.77,100109.82
1706310000000,99993.77,100114.16
1706310000000,99993.77,100111.99
1706310000000,99993.77,100123.92
1706310000000,99993.77,100115.23
1706310000000,99993.77,100115.24
1706310000000,99993.77,100111.99
1706310000000,99993.77,100125.0
1706310000000,99993.77,100125.01
1706310000000,99993.77,100128.26
1706310000000,99993.77,100139.11
1706310000000,99993.77,100130.42
1706310000000,99993.77,100128.25
1706310000000,99993.77,100113.07
1706310000000,99993.77,100120.66
1706310000000,99993.77,100114.15
1706310000000,99993.77,100122.83
1706310000000,99993.77,100120.66
1706310000000,99993.77,100111.98
1706310000000,99993.77,100098.97
1706310000000,99993.77,100113.07
1706310000000,99993.77,100102.22
1706310000000,99993.77,100094.63
1706310000000,99993.77,100108.73
1706310000000,99993.77,100101.14
1706310000000,99993.77,100103.3
1706310000000,99993.77,100102.22
1706310000000,99993.77,100120.65
1706310000000,99993.77,100111.96
1706310000000,99993.77,100102.2
1706310000000,99993.77,100102.21
1706310000000,99993.77,100102.2
1706310000000,99993.77,100120.65
1706310000000,99993.77,100120.64
1706310000000,99993.77,100113.06
1706310000000,99993.77,100114.14
1706310000000,99993.77,100108.72
1706310000000,99993.77,100105.46
1706310000000,99993.77,100120.64
1706310000000,99993.77,100131.48
1706310000000,99993.77,100109.79
1706310000000,99993.77,100114.14
1706310000000,99993.77,100103.29
1706310000000,99993.77,100103.3
1706310000000,99993.77,100120.65
1706310000000,99993.77,100131.5
1706310000000,99993.77,100108.72
1706310000000,99993.77,100120.64
1706310000000,99993.77,100131.48
1706310000000,99993.77,100109.79
1706310000000,99993.77,100120.65
1706310000000,99993.77,100121.73
1706310000000,99993.77,100083.78
1706310000000,99993.77,100093.55
1706310000000,99993.77,100098.97
1706310000000,99993.77,100101.14
1706310000000,99993.77,100095.71
1706310000000,99993.77,100097.88
1706310000000,99993.77,100092.46
1706310000000,99993.77,100098.97
1706310000000,99993.77,100097.88
1706310000000,99993.77,100096.8
1706310000000,99993.77,100101.14
1706310000000,99993.77,100098.97
1706310000000,99993.77,100127.17
1706310000000,99993.77,100092.46
1706310000000,99993.77,100094.61
1706310000000,99993.77,100094.62
1706310000000,99993.77,100092.45
1706310000000,99993.77,100109.8
1706310000000,99993.77,100105.46
1706310000000,99993.77,100100.04
1706310000000,99993.77,100119.56
1706310000000,99993.77,100110.87
1706310000000,99993.77,100107.62
1706310000000,99993.77,100111.95
1706310000000,99993.77,100104.36
1706310000000,99993.77,100105.45
1706310000000,99993.77,100114.13
1706310000000,99993.77,100114.12
1706310000000,99993.77,100110.87
1706310000000,99993.77,100115.21
1706310000000,99993.77,100103.28
1706310000000,99993.77,100105.45
1706310000000,99993.77,100107.62
1706310000000,99993.77,100109.79
1706310000000,99993.77,100102.2
1706310000000,99993.77,100101.12
1706310000000,99993.77,100108.71
1706310000000,99993.77,100104.37
1706310000000,99993.77,100102.2
1706310000000,99993.77,100106.54
1706310000000,99993.77,100106.53
1706310000000,99993.77,100108.7
1706310000000,99993.77,100105.45
1706310000000,99993.77,100106.54
1706310000000,99993.77,100108.7
1706310000000,99993.77,100096.77
1706310000000,99993.77,100105.46
1706310000000,99993.77,100104.37
1706310000000,99993.77,100094.61
1706310000000,99993.77,100107.63
1706310000000,99993.77,100105.45
1706310000000,99993.77,100107.62
1706310000000,99993.77,100118.46
1706310000000,99993.77,100114.13
1706310000000,99993.77,100120.63
1706310000000,99993.77,100102.21
1706310000000,99993.77,100110.87
1706310000000,99993.77,100108.7
1706310000000,99993.77,100109.79
1706310000000,99993.77,100102.19
1706310000000,99993.77,100102.2
1706310000000,99993.77,100100.03
1706310000000,99993.77,100122.8
1706310000000,99993.77,100103.27
1706310000000,99993.77,100106.53
1706310000000,99993.77,100103.28
1706310000000,99993.77,100117.37
1706310000000,99993.77,100115.21
1706310000000,99993.77,100122.8
1706310000000,99993.77,100113.05
1706310000000,99993.77,100115.2
1706310000000,99993.77,100118.46
1706310000000,99993.77,100111.96
1706310000000,99993.77,100131.47
1706310000000,99993.77,100119.53
1706310000000,99993.77,100118.46
1706310000000,99993.77,100107.61
1706310000000,99993.77,100123.87
1706310000000,99993.77,100119.55
1706310000000,99993.77,100123.88
1706310000000,99993.77,100116.29
1706310000000,99993.77,100122.79
1706310000000,99993.77,100118.46
1706310000000,99993.77,100119.55
1706310000000,99993.77,100074.01
1706310000000,99993.77,100096.79
1706310000000,99993.77,100094.62
1706310000000,99993.77,100093.55
1706310000000,99993.77,100113.07
1706310000000,99993.77,100113.08
1706486400000,99993.77,99523.87
1706486400000,99993.77,99512.82
1706486400000,99993.77,99689.72
1706486400000,99993.77,99689.23
1706486400000,99993.77,99517.51
1706486400000,99993.77,99638.15
1706486400000,99993.77,99514.2
1706486400000,99993.77,99515.29
1706486400000,99993.77,99633.76
1706486400000,99993.77,99635.38
1706486400000,99993.77,99521.42
1706486400000,99993.77,99600.65
1706486400000,99993.77,99568.79
1706486400000,99993.77,99560.71
1706486400000,99993.77,99764.73
1706486400000,99993.77,99764.57
1706486400000,99993.77,99710.32
1706486400000,99993.77,99742.87
1706486400000,99497.92,99497.92
